insert into Clientes values ('C0001','Fernandez','4029803521','Av. Radial 10 4to anillo','78005300')
insert into Clientes values ('C0002','Gutierrez','4028745210','Av. Beni 4to anillo','76656551')
insert into Clientes values ('C0003','Gonzalez','4021201758','Calle Juan Mendoza Nro 45','77622756')
insert into Clientes values ('C0004','Ribera','4028578509','Av. Banzer 7mo anillo','65867881')
insert into Clientes values ('C0005','Urioste','4025893604','Av. Banzer 7mo anillo','78442165')
insert into Clientes values ('C0006','Numberg','4028716148','Av. Canal Cotoca calle guapay','61325065')
insert into Clientes values ('C0007','Aguilar','4028781060','Av. Alemana calle Los Junos','69193459')
insert into Clientes values ('C0008','Flores','4029789809','Primer anillo calle 32','65939105')
insert into Clientes values ('C0009','Cossio','4029878090','Cond. Brittania Doble Via a la Guardia','78452032')
insert into Clientes values ('C0010','Chalup','4023245179','Segundo anillo Cond. Imperio','77610067')
insert into Clientes values ('C0011','Arce','4029613548','Quinto anillo Canal Isuto','60923003')
insert into Clientes values ('C0012','Asin','4029987770','Av. radidal 23 5to anillo','75003138')

insert into Personas values ('6328080','Mateo Fernandez')
insert into Personas values ('6280705','Debora Fernandez')
insert into Personas values ('2623976','Arturo Fernandez')
insert into Personas values ('9701450','Jose Carlos Gutierrez')
insert into Personas values ('6329804','Bruno Gonzalez')
insert into Personas values ('6399630','Emiliana Ribera')
insert into Personas values ('6425082','Rafaela Ribera')
insert into Personas values ('6329710','Jorge Urioste')
insert into Personas values ('3982452','Luzara Hurtado')
insert into Personas values ('6520124','Nicole Numberg')
insert into Personas values ('7025803','Eliam Davalos')
insert into Personas values ('6230120','Oscar Aguilar')
insert into Personas values ('5982452','Paul Aguilar')
insert into Personas values ('6745201','Marynes Flores')
insert into Personas values ('6321450','Teresa Cossio')
insert into Personas values ('6358742','Diego Chalup')
insert into Personas values ('6478052','Sheyla Arce')
insert into Personas values ('6125892','Ricardo Asin')

insert into Encargados values ('C0001','6328080')
insert into Encargados values ('C0001','6280705')
insert into Encargados values ('C0001','2623976')
insert into Encargados values ('C0002','9701450')
insert into Encargados values ('C0003','6329804')
insert into Encargados values ('C0004','6328080')
insert into Encargados values ('C0004','6399630')
insert into Encargados values ('C0004','6425082')
insert into Encargados values ('C0005','6329710')
insert into Encargados values ('C0005','3982452')
insert into Encargados values ('C0006','6520124')
insert into Encargados values ('C0006','7025803')
insert into Encargados values ('C0007','6230120')
insert into Encargados values ('C0007','5982452')
insert into Encargados values ('C0008','6745201')
insert into Encargados values ('C0009','6321450')
insert into Encargados values ('C0010','6358742')
insert into Encargados values ('C0011','6478052')
insert into Encargados values ('C0012','6125892')

insert into Mascotas values ('M0001','C0001','Tupac','Felino','Bombay','Negro','2020/01/15','S')
insert into Mascotas values ('M0002','C0001','Kiwi','Felino','Mixto','Gris','2021/05/18','S')
insert into Mascotas values ('M0003','C0001','Salomon','Felino','Birmano','Blanco','2022/06/17','S')
insert into Mascotas values ('M0004','C0001','Pepper','Felino','Bombay','Negro','2022/06/17','S')
insert into Mascotas values ('M0005','C0001','Cali','Felino','Mixto','Gris','2021/04/19','S')
insert into Mascotas values ('M0006','C0004','Paffi','Felino','Birmano','Gris','2019/09/21','S')
insert into Mascotas values ('M0007','C0002','Elsa','Canino','Caniche','Blanco','2015/02/05','S')
insert into Mascotas values ('M0008','C0003','Mafi','Canino','Yorkshire','Plomo','2018/02/02','S')
insert into Mascotas values ('M0009','C0003','Nerón','Canino','Cocker','Dorado','2016/08/14','M')
insert into Mascotas values ('M0010','C0003','Mia','Canino','Yorkshire','Dorado','2013/12/01','S')
insert into Mascotas values ('M0011','C0003','Onur','Canino','Yorkshire','Dorado','2013/12/01','S')
insert into Mascotas values ('M0012','C0001','Mia','Canino','Caniche','Blanco','2013/03/16','M')
insert into Mascotas values ('M0013','C0005','Felix','Felino','Azul ruso','Plomo','2022/12/05','S')
insert into Mascotas values ('M0014','C0006','Panchita','Tortuga','Marina',' Verde','2021/05/18','S')
insert into Mascotas values ('M0015','C0011','Copito','Canino','Caniche','Blanco','2018/04/12','S')
insert into Mascotas values ('M0016','C0011','Sasha','Canino','Pastor ingles','Blanco','2017/05/14','G')
insert into Mascotas values ('M0017','C0007','Lisa','Canino','Caniche','Blanco','2019/11/20','M')
insert into Mascotas values ('M0018','C0012','Mia','Canino','Yorkshire','Blanco','2019/09/11','S')
insert into Mascotas values ('M0019','C0009','Troy','Canino','Pincher','Negro','2014/06/16','S')
insert into Mascotas values ('M0020','C0010','Tofi','Canino','Labrador','Dorado','2014/06/21','G')
insert into Mascotas values ('M0021','C0008','Nevada','Felino','Siames','Blanca','2017/08/06','S')

insert into HistorialesPeso values ('2022-09-02','M0001',3.800)
insert into HistorialesPeso values ('2022-09-18','M0002',4.100)
insert into HistorialesPeso values ('2022-09-30','M0003',2.700)
insert into HistorialesPeso values ('2022-10-13','M0004',2.800)
insert into HistorialesPeso values ('2022-10-21','M0005',3.400)
insert into HistorialesPeso values ('2022-11-05','M0006',3.800)
insert into HistorialesPeso values ('2022-11-06','M0007',13.500)
insert into HistorialesPeso values ('2022-11-26','M0008',4.800)
insert into HistorialesPeso values ('2023-01-21','M0009',15.000) 
insert into HistorialesPeso values ('2023-05-08','M0010',5.800)
insert into HistorialesPeso values ('2022-10-21','M0011',5.600)
insert into HistorialesPeso values ('2022-12-29','M0012',12.000)
insert into HistorialesPeso values ('2023-05-01','M0013',3.600)
insert into HistorialesPeso values ('2022-11-05','M0014',0.400)
insert into HistorialesPeso values ('2023-04-10','M0015',9.500)
insert into HistorialesPeso values ('2022-11-05','M0016',18.200)
insert into HistorialesPeso values ('2022-09-02','M0017',6.700) 
insert into HistorialesPeso values ('2023-01-21','M0018',4.700)
insert into HistorialesPeso values ('2022-12-29','M0019',4.200)
insert into HistorialesPeso values ('2022-12-11','M0020',21.400)
insert into HistorialesPeso values ('2023-05-08','M0021',4.300)

insert into HistorialesPeso values ('2022-12-21','M0001',3.800)
insert into HistorialesPeso values ('2022-11-19','M0002',4.200)
insert into HistorialesPeso values ('2022-12-19','M0003',2.900)
insert into HistorialesPeso values ('2022-11-19','M0004',3.000)
insert into HistorialesPeso values ('2022-12-05','M0005',3.600)
insert into HistorialesPeso values ('2022-12-05','M0006',3.500)
insert into HistorialesPeso values ('2022-12-29','M0007',14.500)
insert into HistorialesPeso values ('2022-12-28','M0008',4.600)
insert into HistorialesPeso values ('2023-05-29','M0009',15.600) 
insert into HistorialesPeso values ('2023-09-14','M0010',5.400)

insert into HistorialesPeso values ('2022-11-30','M0008',5.000)
insert into HistorialesPeso values ('2023-03-12','M0009',13.200) 
insert into HistorialesPeso values ('2023-07-17','M0010',5.900)
insert into HistorialesPeso values ('2022-11-22','M0011',5.300)
insert into HistorialesPeso values ('2023-02-15','M0012',12.900)

insert into HistorialesMedicos values ('2023-02-05','M0006','Pulgas',NULL)
insert into HistorialesMedicos values ('2023-03-13','M0007','Accidente','Se presento con sangrado en las patas')
insert into HistorialesMedicos values ('2023-05-02','M0008','Cortes',NULL)
insert into HistorialesMedicos values ('2022-11-21','M0009','Pelea',NULL) 
insert into HistorialesMedicos values ('2022-12-17','M0010','Pulgas',NULL)
insert into HistorialesMedicos values ('2023-01-01','M0011','Pulgas',NULL)
insert into HistorialesMedicos values ('2023-03-29','M0007','Larvas',NULL)
insert into HistorialesMedicos values ('2023-05-28','M0008','Pelea','Contrajo pelea con un callejero')
insert into HistorialesMedicos values ('2023-01-07','M0001','Intoxicacion',NULL)
insert into HistorialesMedicos values ('2023-04-10','M0002','Falta de apetito',NULL)
insert into HistorialesMedicos values ('2022-05-05','M0007','Pulgas',NULL)
insert into HistorialesMedicos values ('2023-04-05','M0017','Mordido por niño',NULL)
insert into HistorialesMedicos values ('2023-05-29','M0017','Infeccion estomacal',NULL)
insert into HistorialesMedicos values ('2022-05-30','M0008','Garrapatas',NULL)
insert into HistorialesMedicos values ('2023-01-17','M0002','Higado Saturado',NULL)
insert into HistorialesMedicos values ('2023-03-12','M0002','Falta de apetito',NULL)

insert into CalendariosVacunas values ('2022-09-02','M0001','Triple felina')
insert into CalendariosVacunas values ('2022-09-18','M0002','Triple felina')
insert into CalendariosVacunas values ('2022-12-19','M0003','Triple felina')
insert into CalendariosVacunas values ('2022-11-19','M0004','Triple felina')
insert into CalendariosVacunas values ('2022-10-21','M0005','Triple felina')
insert into CalendariosVacunas values ('2022-12-05','M0006','Triple felina')
insert into CalendariosVacunas values ('2023-05-01','M0013','Triple felina')
insert into CalendariosVacunas values ('2023-05-08','M0021','Triple felina')

insert into CalendariosVacunas values ('2022-12-21','M0001','Triple felina')
insert into CalendariosVacunas values ('2022-1-19','M0002','Triple felina')
insert into CalendariosVacunas values ('2022-12-05','M0005','Triple felina')
insert into CalendariosVacunas values ('2023-11-05','M0006','Triple felina')

insert into CalendariosVacunas values ('2022-12-29','M0007','Antirrabica')
insert into CalendariosVacunas values ('2022-12-28','M0008','Antirrabica')
insert into CalendariosVacunas values ('2023-05-29','M0009','Antirrabica')
insert into CalendariosVacunas values ('2023-05-08','M0010','Antirrabica')
insert into CalendariosVacunas values ('2022-11-22','M0011','Antirrabica')
insert into CalendariosVacunas values ('2023-02-15','M0012','Antirrabica')
insert into CalendariosVacunas values ('2022-09-02','M0017','Antirrabica')
insert into CalendariosVacunas values ('2023-01-21','M0018','Antirrabica')
insert into CalendariosVacunas values ('2022-12-29','M0019','Antirrabica')
insert into CalendariosVacunas values ('2023-12-11','M0020','Antirrabica')